-- Insert blog categories
INSERT INTO blog_categories (name, slug, description, color) VALUES
('Web Design', 'web-design', 'Articles about modern web design trends and best practices', 'blue'),
('Conversion Optimization', 'conversion-optimization', 'Tips and strategies for improving website conversions', 'green'),
('SEO', 'seo', 'Search engine optimization guides and updates', 'purple'),
('E-commerce', 'ecommerce', 'E-commerce design and development insights', 'orange'),
('Case Studies', 'case-studies', 'Detailed project breakdowns and results', 'indigo'),
('Industry Trends', 'industry-trends', 'Latest trends in web design and development', 'pink'),
('Performance', 'performance', 'Website speed and performance optimization', 'red'),
('UX Design', 'ux-design', 'User experience design principles and practices', 'teal')
ON CONFLICT (slug) DO NOTHING;

-- Insert project categories
INSERT INTO project_categories (name, slug, description, color) VALUES
('E-commerce', 'ecommerce', 'Online stores and shopping platforms', 'green'),
('SaaS', 'saas', 'Software as a Service platforms and applications', 'blue'),
('Restaurant', 'restaurant', 'Restaurant and food service websites', 'orange'),
('HealthTech', 'healthtech', 'Healthcare and medical technology platforms', 'red'),
('Real Estate', 'real-estate', 'Property and real estate websites', 'indigo'),
('Fitness', 'fitness', 'Health and fitness applications', 'purple'),
('Education', 'education', 'Educational platforms and e-learning sites', 'yellow'),
('Finance', 'finance', 'Financial services and fintech applications', 'green'),
('Travel', 'travel', 'Travel and hospitality websites', 'pink'),
('Corporate', 'corporate', 'Business and corporate websites', 'gray')
ON CONFLICT (slug) DO NOTHING;

-- Insert blog posts
INSERT INTO blog_posts (title, slug, excerpt, content, featured_image, category, author_name, author_avatar, published, featured, read_time) VALUES
(
  'The Complete Guide to Website Conversion Optimization in 2024',
  'complete-guide-conversion-optimization-2024',
  'Discover the proven strategies and tactics that can increase your website''s conversion rate by up to 300%. This comprehensive guide covers everything from psychology to technical implementation.',
  'Website conversion optimization is the systematic process of increasing the percentage of website visitors who complete a desired action. In this comprehensive guide, we''ll explore the latest strategies and techniques that can dramatically improve your conversion rates.

## Understanding Conversion Optimization

Conversion rate optimization (CRO) is both an art and a science. It involves understanding your users, analyzing their behavior, and making data-driven decisions to improve their experience and increase conversions.

### Key Principles of CRO

1. **User-Centric Design**: Always put your users first
2. **Data-Driven Decisions**: Use analytics to guide your choices
3. **Continuous Testing**: Never stop experimenting
4. **Mobile-First Approach**: Optimize for mobile users

### Advanced Techniques

- A/B testing methodologies
- Heat mapping analysis
- User session recordings
- Conversion funnel optimization

This guide will walk you through each of these techniques with real-world examples and actionable insights.',
  '/placeholder.svg?height=400&width=600',
  'Conversion Optimization',
  'Sarah Chen',
  '/placeholder.svg?height=60&width=60',
  true,
  true,
  12
),
(
  'Mobile-First Design: Why It''s Critical for Modern Websites',
  'mobile-first-design-critical-modern-websites',
  'Learn why mobile-first design isn''t just a trend—it''s essential for user experience and SEO success.',
  'Mobile-first design has evolved from a nice-to-have to an absolute necessity. With over 60% of web traffic coming from mobile devices, designing for mobile first ensures your website provides an optimal experience for the majority of your users.

## The Mobile-First Approach

Mobile-first design means starting the design process with mobile devices in mind, then progressively enhancing the experience for larger screens.

### Benefits of Mobile-First Design

1. **Better Performance**: Faster loading times
2. **Improved SEO**: Google''s mobile-first indexing
3. **Enhanced User Experience**: Optimized for touch interactions
4. **Future-Proof**: Ready for new mobile technologies

### Implementation Strategies

- Progressive enhancement
- Responsive breakpoints
- Touch-friendly interfaces
- Optimized images and assets',
  '/placeholder.svg?height=250&width=400',
  'Web Design',
  'Marcus Rodriguez',
  '/placeholder.svg?height=40&width=40',
  true,
  false,
  8
),
(
  '10 E-commerce Conversion Tactics That Actually Work',
  'ecommerce-conversion-tactics-that-work',
  'Proven strategies to turn more visitors into customers and increase your average order value.',
  'E-commerce conversion optimization requires a different approach than traditional websites. In this article, we''ll explore 10 proven tactics that have helped our clients increase their online sales by an average of 180%.

## Top E-commerce Conversion Tactics

### 1. Optimize Product Pages
- High-quality product images
- Detailed descriptions
- Customer reviews and ratings
- Clear pricing and availability

### 2. Streamline Checkout Process
- Reduce form fields
- Guest checkout options
- Multiple payment methods
- Progress indicators

### 3. Build Trust and Credibility
- Security badges
- Customer testimonials
- Return policies
- Contact information

### 4. Implement Urgency and Scarcity
- Limited-time offers
- Stock counters
- Countdown timers
- Exclusive deals

### 5. Personalize the Experience
- Product recommendations
- Browsing history
- Personalized emails
- Dynamic content',
  '/placeholder.svg?height=250&width=400',
  'E-commerce',
  'David Kim',
  '/placeholder.svg?height=40&width=40',
  true,
  false,
  10
),
(
  'How to Make Your Website Load in Under 3 Seconds',
  'website-speed-optimization-under-3-seconds',
  'Step-by-step guide to optimizing your website''s performance for better user experience and SEO.',
  'Website speed is crucial for both user experience and search engine rankings. Studies show that a 1-second delay in page load time can result in a 7% reduction in conversions. Here''s how to optimize your site for lightning-fast performance.

## Performance Optimization Strategies

### 1. Optimize Images
- Use modern formats (WebP, AVIF)
- Implement lazy loading
- Compress images properly
- Use responsive images

### 2. Minimize HTTP Requests
- Combine CSS and JavaScript files
- Use CSS sprites
- Reduce plugins and widgets
- Optimize fonts

### 3. Leverage Browser Caching
- Set proper cache headers
- Use CDN services
- Implement service workers
- Optimize cache strategies

### 4. Code Optimization
- Minify CSS, JavaScript, and HTML
- Remove unused code
- Optimize database queries
- Use efficient algorithms

### 5. Server Optimization
- Choose the right hosting
- Use SSD storage
- Implement compression
- Optimize server configuration',
  '/placeholder.svg?height=250&width=400',
  'Performance',
  'Emily Watson',
  '/placeholder.svg?height=40&width=40',
  true,
  false,
  9
),
(
  'SEO Best Practices for 2024: What''s Changed?',
  'seo-best-practices-2024-whats-changed',
  'Stay updated with the latest SEO trends and algorithm changes that affect your website''s ranking.',
  'Search engine optimization continues to evolve rapidly. Google''s latest algorithm updates have shifted focus toward user experience signals, E-A-T (Expertise, Authoritativeness, Trustworthiness), and Core Web Vitals.

## 2024 SEO Updates

### Core Web Vitals
- Largest Contentful Paint (LCP)
- First Input Delay (FID)
- Cumulative Layout Shift (CLS)

### E-A-T Factors
- Author expertise
- Content authority
- Website trustworthiness
- User reviews and ratings

### Technical SEO
- Mobile-first indexing
- Page experience signals
- Structured data markup
- Site architecture optimization

### Content Strategy
- User intent optimization
- Topic clusters
- Featured snippets optimization
- Video and visual content

### Local SEO
- Google Business Profile optimization
- Local citations
- Review management
- Location-based content',
  '/placeholder.svg?height=250&width=400',
  'SEO',
  'Alex Johnson',
  '/placeholder.svg?height=40&width=40',
  true,
  false,
  11
),
(
  'The Psychology of Web Design: How Colors Affect Conversions',
  'psychology-web-design-colors-affect-conversions',
  'Understand how color psychology can influence user behavior and improve your conversion rates.',
  'Color psychology plays a crucial role in web design and can significantly impact user behavior and conversion rates. Different colors evoke different emotions and can influence purchasing decisions.

## Color Psychology in Web Design

### Primary Colors and Their Effects

#### Red
- Creates urgency and excitement
- Increases heart rate
- Perfect for call-to-action buttons
- Used by brands like Coca-Cola, Netflix

#### Blue
- Builds trust and reliability
- Calming and professional
- Popular in finance and healthcare
- Used by Facebook, LinkedIn, PayPal

#### Green
- Associated with growth and money
- Environmentally friendly
- Encourages action
- Used by Spotify, WhatsApp

#### Orange
- Energetic and friendly
- Creates enthusiasm
- Great for CTAs and highlights
- Used by Amazon, Firefox

### Conversion Optimization Tips

1. **Test Different Color Combinations**
2. **Consider Your Target Audience**
3. **Maintain Brand Consistency**
4. **Use Contrast Effectively**
5. **Apply the 60-30-10 Rule**',
  '/placeholder.svg?height=250&width=400',
  'UX Design',
  'Marcus Rodriguez',
  '/placeholder.svg?height=40&width=40',
  true,
  false,
  7
),
(
  'Case Study: How We Increased SaaS Sign-ups by 250%',
  'case-study-saas-signups-increased-250-percent',
  'Deep dive into our redesign process for a B2B SaaS company and the strategies that drove results.',
  'When TechStart SaaS approached us, their conversion rate was stuck at 2.1%. Through strategic redesign and optimization, we helped them achieve a 250% increase in sign-ups. Here''s exactly how we did it.

## The Challenge

TechStart SaaS was struggling with:
- Low conversion rates (2.1%)
- High bounce rates (78%)
- Unclear value proposition
- Complex signup process
- Poor mobile experience

## Our Approach

### 1. User Research and Analysis
- Conducted user interviews
- Analyzed heat maps and session recordings
- Performed competitor analysis
- Identified pain points in the user journey

### 2. Strategic Redesign
- Simplified the value proposition
- Redesigned the homepage layout
- Optimized the signup flow
- Improved mobile responsiveness

### 3. A/B Testing
- Tested different headlines
- Experimented with CTA placement
- Optimized form fields
- Tested social proof elements

## The Results

After 3 months of optimization:
- **250% increase in sign-ups**
- **45% reduction in bounce rate**
- **180% improvement in mobile conversions**
- **$2.3M additional annual revenue**

## Key Takeaways

1. **Clear value proposition is crucial**
2. **Simplify the user journey**
3. **Mobile optimization is essential**
4. **Continuous testing drives results**
5. **Data-driven decisions win**',
  '/placeholder.svg?height=250&width=400',
  'Case Studies',
  'Sarah Chen',
  '/placeholder.svg?height=40&width=40',
  true,
  false,
  15
)
ON CONFLICT (slug) DO NOTHING;

-- Insert portfolio projects
INSERT INTO portfolio_projects (
  title, slug, description, category, featured_image, client_name, project_url, case_study_url,
  results_metric_1_label, results_metric_1_value, results_metric_2_label, results_metric_2_value,
  technologies, featured, published
) VALUES
(
  'Luxe Fashion Boutique',
  'luxe-fashion-boutique',
  'Complete e-commerce redesign for a high-end fashion retailer. We focused on creating an elegant shopping experience that showcases their premium products while optimizing for conversions.',
  'E-commerce',
  '/placeholder.svg?height=600&width=800',
  'Jessica Martinez',
  'https://luxefashion.example.com',
  '/portfolio/luxe-fashion-case-study',
  'Increase in Sales',
  '340%',
  'Higher Conversion Rate',
  '65%',
  ARRAY['Next.js', 'Shopify', 'Tailwind CSS', 'Stripe'],
  true,
  true
),
(
  'TechStart SaaS Platform',
  'techstart-saas-platform',
  'Landing page and dashboard design for a B2B SaaS startup. We created a conversion-focused landing page that clearly communicates value and drives sign-ups.',
  'SaaS',
  '/placeholder.svg?height=600&width=800',
  'Michael Chen',
  'https://techstart.example.com',
  '/portfolio/techstart-case-study',
  'More Sign-ups',
  '250%',
  'Lower Bounce Rate',
  '45%',
  ARRAY['React', 'Node.js', 'PostgreSQL', 'AWS'],
  true,
  true
),
(
  'Bella Vista Restaurant Chain',
  'bella-vista-restaurant-chain',
  'Multi-location restaurant website with online ordering system. We created an appetizing design that showcases their cuisine and makes ordering effortless.',
  'Restaurant',
  '/placeholder.svg?height=600&width=800',
  'Roberto Silva',
  'https://bellavista.example.com',
  '/portfolio/bella-vista-case-study',
  'More Online Orders',
  '200%',
  'Mobile Traffic Increase',
  '80%',
  ARRAY['WordPress', 'WooCommerce', 'Square API'],
  true,
  true
),
(
  'MedConnect Platform',
  'medconnect-platform',
  'Telemedicine platform connecting patients with healthcare providers',
  'HealthTech',
  '/placeholder.svg?height=300&width=400',
  'Dr. Sarah Johnson',
  'https://medconnect.example.com',
  '/portfolio/medconnect-case-study',
  'User Growth',
  '180%',
  'Patient Satisfaction',
  '95%',
  ARRAY['React', 'Node.js', 'Socket.io', 'HIPAA Compliance'],
  false,
  true
),
(
  'Prime Properties',
  'prime-properties',
  'Luxury real estate agency with advanced property search',
  'Real Estate',
  '/placeholder.svg?height=300&width=400',
  'David Park',
  'https://primeproperties.example.com',
  '/portfolio/prime-properties-case-study',
  'More Leads',
  '120%',
  'Faster Load Time',
  '60%',
  ARRAY['Next.js', 'Mapbox', 'Prisma', 'Vercel'],
  false,
  true
),
(
  'FitTrack App',
  'fittrack-app',
  'Mobile fitness app with personalized workout plans',
  'Fitness',
  '/placeholder.svg?height=300&width=400',
  'Emma Thompson',
  'https://fittrack.example.com',
  '/portfolio/fittrack-case-study',
  'App Downloads',
  '300%',
  'User Retention',
  '85%',
  ARRAY['React Native', 'Firebase', 'Stripe', 'HealthKit'],
  false,
  true
),
(
  'WealthWise Advisors',
  'wealthwise-advisors',
  'Financial advisory firm with client portal and investment tracking',
  'Finance',
  '/placeholder.svg?height=300&width=400',
  'James Wilson',
  'https://wealthwise.example.com',
  '/portfolio/wealthwise-case-study',
  'Client Retention',
  '90%',
  'Assets Under Management',
  '$50M+',
  ARRAY['Vue.js', 'Django', 'PostgreSQL', 'Chart.js'],
  false,
  true
),
(
  'LearnHub Academy',
  'learnhub-academy',
  'Online learning platform with interactive courses and progress tracking',
  'Education',
  '/placeholder.svg?height=300&width=400',
  'Lisa Rodriguez',
  'https://learnhub.example.com',
  '/portfolio/learnhub-case-study',
  'Student Enrollment',
  '150%',
  'Course Completion Rate',
  '78%',
  ARRAY['React', 'Express.js', 'MongoDB', 'Video.js'],
  false,
  true
),
(
  'Wanderlust Travel',
  'wanderlust-travel',
  'Luxury travel agency with custom trip planning and booking system',
  'Travel',
  '/placeholder.svg?height=300&width=400',
  'Amanda Foster',
  'https://wanderlust.example.com',
  '/portfolio/wanderlust-case-study',
  'Bookings Increase',
  '220%',
  'Customer Satisfaction',
  '96%',
  ARRAY['Next.js', 'Stripe', 'Google Maps API', 'Prisma'],
  false,
  true
)
ON CONFLICT (slug) DO NOTHING;

-- Insert testimonials
INSERT INTO testimonials (
  client_name, client_title, client_company, client_avatar, testimonial_text, 
  rating, project_result, featured, approved
) VALUES
(
  'Jessica Martinez',
  'CEO',
  'Luxe Fashion Boutique',
  '/placeholder.svg?height=60&width=60',
  'Working with this team was absolutely incredible. They didn''t just build us a website—they built us a revenue machine. Our online sales increased by 340% in the first three months after launch. The attention to detail and focus on conversion optimization really shows in the results.',
  5,
  '340% Sales Increase',
  true,
  true
),
(
  'Michael Chen',
  'Founder',
  'TechStart SaaS',
  '/placeholder.svg?height=60&width=60',
  'I was skeptical about investing in a new website, but the ROI has been phenomenal. Our lead generation increased by 250% and the quality of leads is much higher. The team understood our business goals and delivered exactly what we needed to scale.',
  5,
  '250% More Leads',
  true,
  true
),
(
  'Roberto Silva',
  'Owner',
  'Bella Vista Restaurant Chain',
  '/placeholder.svg?height=80&width=80',
  'This is hands down the best investment we''ve made for our business. Not only did they create a stunning website, but they also provided strategic insights that helped us understand our customers better. Our online orders doubled within two months, and customer satisfaction scores are at an all-time high.',
  5,
  '200% More Orders',
  true,
  true
),
(
  'Dr. Sarah Johnson',
  'Founder',
  'MedConnect Platform',
  '/placeholder.svg?height=40&width=40',
  'Professional, responsive, and results-driven. They transformed our outdated website into a modern lead-generation machine.',
  5,
  '180% User Growth',
  false,
  true
),
(
  'David Park',
  'CEO',
  'Prime Properties',
  '/placeholder.svg?height=40&width=40',
  'The team''s expertise in UX design is evident in every aspect of our new site. User engagement has increased dramatically.',
  5,
  '120% More Leads',
  false,
  true
),
(
  'Emma Thompson',
  'Founder',
  'FitTrack App',
  '/placeholder.svg?height=40&width=40',
  'From concept to launch, the process was seamless. They understood our vision and brought it to life perfectly.',
  5,
  '300% App Downloads',
  false,
  true
),
(
  'James Wilson',
  'Managing Partner',
  'WealthWise Advisors',
  '/placeholder.svg?height=40&width=40',
  'Outstanding work! The new website has helped us establish credibility and attract high-quality clients.',
  5,
  '90% Client Retention',
  false,
  true
),
(
  'Lisa Rodriguez',
  'Director',
  'LearnHub Academy',
  '/placeholder.svg?height=40&width=40',
  'The attention to detail and commitment to our success was impressive. Highly recommend their services.',
  5,
  '150% Enrollment',
  false,
  true
),
(
  'Amanda Foster',
  'Owner',
  'Wanderlust Travel',
  '/placeholder.svg?height=40&width=40',
  'They delivered exactly what they promised and more. Our booking rates have never been higher!',
  5,
  '220% Bookings',
  false,
  true
)
ON CONFLICT DO NOTHING;
